<?xml version="1.0" encoding="UTF-8"?>
<beans xmlns="http://www.springframework.org/schema/beans"
	xmlns:xsi="http://www.w3.org/2001/XMLSchema-instance"
	 xmlns:context="http://www.springframework.org/schema/context"
	xmlns:mvc="http://www.springframework.org/schema/mvc"
	xmlns:wf="http://www.springframework.org/schema/webflow-config"
	xsi:schemaLocation="http://www.springframework.org/schema/beans
   http://www.springframework.org/schema/beans/spring-beans.xsd 
   http://www.springframework.org/schema/context 
   http://www.springframework.org/schema/context/spring-context.xsd 
   http://www.springframework.org/schema/mvc
   http://www.springframework.org/schema/mvc/spring-mvc.xsd 
    http://www.springframework.org/schema/webflow-config
   http://www.springframework.org/schema/webflow-config/spring-webflow-config.xsd ">

	<context:component-scan base-package="com.niit"/>
	<context:annotation-config/>
	<mvc:annotation-driven/>
	<mvc:resources location="/resources/" mapping="/resources/**"/>
	<bean name="viewResolver"
		class="org.springframework.web.servlet.view.InternalResourceViewResolver">
		<property name="prefix" value="/WEB-INF/views/" />
		<property name="suffix" value=".jsp" />
	</bean>
<bean id="multipartResolver"
		class="org.springframework.web.multipart.commons.CommonsMultipartResolver">
		<property name="maxUploadSize" value="3000000"></property>
		</bean>
		
		
		<wf:flow-executor id="flowExecutor"/>
 
	<wf:flow-registry id="flowRegistry"
		flow-builder-services="flowBuilderServices" base-path="/WEB-INF">
		
		<wf:flow-location id="memberShip" path="/memberShipFlow.xml" />
	</wf:flow-registry>
 
	<wf:flow-builder-services id="flowBuilderServices"
		view-factory-creator="viewFactoryCreator" />
		
		<bean class="org.springframework.webflow.mvc.servlet.FlowHandlerAdapter">
		<property name="flowExecutor" ref="flowExecutor" />
	</bean>
 
	<bean class="org.springframework.webflow.mvc.servlet.FlowHandlerMapping">
		<property name="flowRegistry" ref="flowRegistry" />
		<property name="order" value="0" />
	</bean>
	<bean id="viewFactoryCreator"
	class="org.springframework.webflow.mvc.builder.MvcViewFactoryCreator">
	
	<property name="viewResolvers" ref="viewResolver"/>
	</bean>
</beans>