<beans:beans xmlns="http://www.springframework.org/schema/security"
	xmlns:beans="http://www.springframework.org/schema/beans" xmlns:xsi="http://www.w3.org/2001/XMLSchema-instance"
	xsi:schemaLocation="http://www.springframework.org/schema/beans
		http://www.springframework.org/schema/beans/spring-beans.xsd
				http://www.springframework.org/schema/security
		http://www.springframework.org/schema/security/spring-security.xsd">


	<http pattern="/resources/**" security="none" />

	<http auto-config="true">

		<intercept-url pattern="/manage/**" access="hasAuthority('ADMIN')" />
		<intercept-url pattern="/**" access="permitAll" />
		<form-login login-page="/login" username-parameter="username"
			password-parameter="password" authentication-success-forward-url="/" />

		<logout logout-url="/logout" logout-success-url="/" />

		<csrf disabled="true" />
	</http>

	<authentication-manager>
		<authentication-provider>
			<jdbc-user-service data-source-ref="dataSource"

				users-by-username-query="select username,password,enabled from User where username=?"
				authorities-by-username-query="select username,role from User where username=?" />
		</authentication-provider>
	</authentication-manager>

</beans:beans>